"Toro, Abraham"
"Díaz, Aledmys"
"Soderstrom, Tyler"
"Gelof, Zack"
"Duvall, Adam"
"Olson, Matt"
"Ozuna, Marcell"
"McCann, Kyle"
"Brown, Seth"
"Andujar, Miguel"
"Rooker, Brent"
"Bleday, JJ"
"Riley, Austin"
"Albies, Ozzie"
"Kelenic, Jarred"
"Murphy, Sean"
"Harris II, Michael"
"Arcia, Orlando"
"Caballero, José"
"Rortvedt, Ben"
"Siri, Jose"
"Rutschman, Adley"
"Henderson, Gunnar"
"Mateo, Jorge"
"Urías, Ramón"
"Arozarena, Randy"
"DeLuca, Jonny"
"Aranda, Jonathan"
"Paredes, Isaac"
"Hays, Austin"
"Santander, Anthony"
"Mountcastle, Ryan"
"O'Hearn, Ryan"
"Lowe, Brandon"
"Díaz, Yandy"
"Cowser, Colton"
"Palacios, Richie"
"Mullins, Cedric"
"Greene, Riley"
"Pérez, Wenceel"
"Kelly, Carson"
"McKinstry, Zach"
"Ibáñez, Andy"
"Duran, Jarren"
"Rafaela, Ceddanne"
"Hamilton, David"
"Baddoo, Akil"
"Keith, Colt"
"Urshela, Gio"
"Vierling, Matt"
"Grissom, Vaughn"
"Smith, Dominic"
"Refsnyder, Rob"
"Devers, Rafael"
"Wong, Connor"
"Abreu, Wilyer"
"Bellinger, Cody"
"Suzuki, Seiya"
"Madrigal, Nick"
"Busch, Michael"
"Crow-Armstrong, Pete"
"Candelario, Jeimer"
"De La Cruz, Elly"
"Friedl, TJ"
"Espinal, Santiago"
"India, Jonathan"
"Swanson, Dansby"
"Hoerner, Nico"
"Happ, Ian"
"Morel, Christopher"
"Fairchild, Stuart"
"Stephenson, Tyler"
"Fraley, Jake"
"Wisdom, Patrick"
"Steer, Spencer"
"Gomes, Yan"
"Tauchman, Mike"
"Benson, Will"
"Martini, Nick"
"Rosario, Eddie"
"Ruiz, Keibert"
"García Jr., Luis"
"Winker, Jesse"
"Freeman, Tyler"
"Kwan, Steven"
"Rocchio, Brayan"
"Brennan, Will"
"Manzardo, Kyle"
"Thomas, Lane"
"Abrams, CJ"
"Young, Jacob"
"Giménez, Andrés"
"Fry, David"
"Naylor, Josh"
"Gallo, Joey"
"Senzel, Nick"
"Arias, Gabriel"
"Rodriguez, Johnathan"
"Ramírez, José"
"Dubón, Mauricio"
"Singleton, Jon"
"Meyers, Jake"
"Larnach, Trevor"
"Farmer, Kyle"
"Castro, Willi"
"Buxton, Byron"
"Bregman, Alex"
"Alvarez, Yordan"
"Tucker, Kyle"
"Margot, Manuel"
"Jeffers, Ryan"
"Kepler, Max"
"Santana, Carlos"
"Altuve, Jose"
"Diaz, Yainer"
"McCormick, Chas"
"Correa, Carlos"
"Miranda, Jose"
"Julien, Edouard"
"Kirilloff, Alex"
"Velázquez, Nelson"
"Fermin, Freddy"
"Pasquantino, Vinnie"
"Witt Jr., Bobby"
"Garcia, Maikel"
"Isbel, Kyle"
"Renfroe, Hunter"
"Hampson, Garrett"
"Melendez, MJ"
"Campusano, Luis"
"Merrill, Jackson"
"Solano, Donovan"
"Perez, Salvador"
"Machado, Manny"
"Cronenworth, Jake"
"Profar, Jurickson"
"Tatis Jr., Fernando"
"Arraez, Luis"
"Kim, Ha-Seong"
"Frazier, Adam"
"Peralta, David"
"Hernández, Enrique"
"Hernández, Teoscar"
"Smith, Will"
"Blackmon, Charlie"
"Cave, Jake"
"Doyle, Brenton"
"Montero, Elehuris"
"Freeman, Freddie"
"Ohtani, Shohei"
"Betts, Mookie"
"Pages, Andy"
"Rojas, Miguel"
"Lux, Gavin"
"Rodgers, Brendan"
"Bryant, Kris"
"Díaz, Elias"
"Heyward, Jason"
"McMahon, Ryan"
"Tovar, Ezequiel"
"Taveras, Leody"
"García, Adolis"
"Smith, Josh"
"Seager, Corey"
"Bell, Josh"
"Burger, Jake"
"Bethancourt, Christian"
"Lopez, Otto"
"Anderson, Tim"
"Semien, Marcus"
"Duran, Ezequiel"
"Heim, Jonah"
"Langford, Wyatt"
"Gordon, Nick"
"Rivera, Emmanuel"
"Sánchez, Jesús"
"Chisholm Jr., Jazz"
"Lowe, Nathaniel"
"Pham, Tommy"
"Sosa, Lenyn"
"Mendick, Danny"
"DeJong, Paul"
"Frelick, Sal"
"Dunn, Oliver"
"Bauers, Jake"
"Adames, Willy"
"Yelich, Christian"
"Contreras, William"
"Turang, Brice"
"Benintendi, Andrew"
"Lee, Korey"
"Sheets, Gavin"
"Perkins, Blake"
"Ortiz, Joey"
"Hoskins, Rhys"
"Julks, Corey"
"Lopez, Nicky"
"Maldonado, Martín"
"Gurriel Jr., Lourdes"
"Walker, Christian"
"Pederson, Joc"
"Marte, Ketel"
"Moreno, Gabriel"
"Vientos, Mark"
"Marte, Starling"
"Martinez, J.D."
"Nimmo, Brandon"
"Suárez, Eugenio"
"McCarthy, Jake"
"Alonso, Pete"
"Lindor, Francisco"
"Nido, Tomás"
"Iglesias, Jose"
"Bader, Harrison"
"Arenado, Nolan"
"Gorman, Nolan"
"Goldschmidt, Paul"
"Bohm, Alec"
"Harper, Bryce"
"Realmuto, J.T."
"Burleson, Alec"
"Fermín, José"
"Siani, Michael"
"Schwarber, Kyle"
"Rojas, Johan"
"Sosa, Edmundo"
"Marsh, Brandon"
"Castellanos, Nick"
"Carlson, Dylan"
"Winn, Masyn"
"Herrera, Iván"
"Stott, Bryson"
"Carpenter, Matt"
"Crawford, Brandon"
"Bailey, Patrick"
"Chapman, Matt"
"Estrada, Thairo"
"Yastrzemski, Mike"
"Cabrera, Oswaldo"
"Wells, Austin"
"Rizzo, Anthony"
"Matos, Luis"
"Brooks, Trenton"
"Ramos, Heliot"
"Torres, Gleyber"
"Verdugo, Alex"
"Judge, Aaron"
"Wisely, Brett"
"Soler, Jorge"
"Soto, Juan"
"Volpe, Anthony"
"Grisham, Trent"
"O'Hoppe, Logan"
"Pillar, Kevin"
"Calhoun, Willie"
"Moore, Dylan"
"Raley, Luke"
"Haniger, Mitch"
"France, Ty"
"Canzone, Dominic"
"Ward, Taylor"
"Moniak, Mickey"
"Rengifo, Luis"
"Raleigh, Cal"
"Rodríguez, Julio"
"Rojas, Josh"
"Crawford, J.P."
"Guillorme, Luis"
"Neto, Zach"
"Adell, Jo"
"Thaiss, Matt"
"Schneider, Davis"
"Kiermaier, Kevin"
"Clement, Ernie"
"Joe, Connor"
"Reynolds, Bryan"
"McCutchen, Andrew"
"Biggio, Cavan"
"Springer, George"
"Turner, Justin"
"Guerrero Jr., Vladimir"
"Triolo, Jared"
"Grandal, Yasmani"
"Olivares, Edward"
"Jansen, Danny"
"Gonzales, Nick"
"Hayes, Ke'Bryan"
"Cruz, Oneil"
"Bichette, Bo"
"Bae, Ji Hwan"
"Tellez, Rowdy"
"Vogelbach, Daniel"
"Kiner-Falefa, Isiah"
"Vargas, Ildemaro"
"Meneses, Joey"
"Báez, Javier"
"Torkelson, Spencer"
"Gonzalez, Romy"
"McGuire, Reese"
"Valdez, Enmanuel"
"Canha, Mark"
"Cooper, Garrett"
"Schanuel, Nolan"
"Trevino, Jose"
"LeMahieu, DJ"
"Paris, Kyren"
"Stanton, Giancarlo"
"Tucker, Cole"
"Sánchez, Gary"
"Miller, Owen"
"Amaya, Miguel"
"Vázquez, Christian"
"Loftin, Nick"
"Smith, Pavin"
"McNeil, Jeff"
"Grichuk, Randal"
"Stewart, DJ"
"Narváez, Omar"
"Baty, Brett"
"Abreu, José"
"Caratini, Victor"
"Peña, Jeremy"
"Garver, Mitch"
"Schuemann, Max"
"Rosario, Amed"
"Cameron, Daz"
"Langeliers, Shea"
"Jackson, Alex"
"Ramírez, Harold"
"d'Arnaud, Travis"
"McCann, James"
"Vaughn, Andrew"
"Varsho, Daulton"
"Kirk, Alejandro"
"Ramos, Bryan"
"Fletcher, Dominic"
"Hurtubise, Jacob"
"Donovan, Brendan"
"Nootbaar, Lars"
"Maile, Luke"
"Bouchard, Sean"
"Stallings, Jacob"
"Hedges, Austin"
"Goodman, Hunter"
"Koch, Grant"
"Rogers, Jake"
"Williams, Alika"
"Taylor, Michael A."
"Chourio, Jackson"
"Taylor, Chris"
"Vargas, Miguel"
"Taylor, Tyrone"
"Azocar, José"
"Fortes, Nick"
"Bruján, Vidal"
"De La Cruz, Bryan"
"Flores, Wilmer"
"Stubbs, Garrett"
"Merrifield, Whit"
"Pache, Cristian"
"Casali, Curt"
"Fitzgerald, Tyler"
"Luciano, Marco"
"Bliss, Ryan"
"Jankowski, Travis"
"Barnhart, Tucker"
"Adams, Riley"
"Westburg, Jordan"
"Stowers, Kyle"
"Remillard, Zach"
"Ford, Mike"
"Naylor, Bo"
"Monasterio, Andruw"
"Barnes, Austin"
"Higashioka, Kyle"
"Clemens, Kody"
"Davis, J.D."
"Pagés, Pedro"
"Florial, Estevan"
"Blanco, Dairon"
"Myers, Dane"
"Wade Jr., LaMonte"
"Clase, Jonatan"
"Alexander, Blaze"
"Carpenter, Kerry"
"Hill, Derek"
"Carter, Evan"
"McKenna, Ryan"
"Nevin, Tyler"
"Short, Zack"
"Acuña Jr., Ronald"
"Zavala, Seby"
"Robles, Victor"
"Polanco, Jorge"
"O'Neill, Tyler"
"Tromp, Chadwick"
"DeLoach, Zach"
"Beck, Jordan"
"Trejo, Alan"
"Grossman, Robbie"
"Wade, Tyler"
"Berti, Jon"
"Massey, Michael"
"Williams, Luke"
"Urías, Luis"
"Knizner, Andrew"
"Bart, Joey"
"Vazquez, Luis"
"Harris, Brett"
"Suwinski, Jack"
"Lowe, Josh"
"Jiménez, Eloy"
"Nuñez, Nasim"
"Bogaerts, Xander"
"Wiemer, Joey"
"Mastrobuoni, Miles"
"Loperfido, Joey"
"Ruiz, Esteury"
"Laureano, Ramón"
"Sabol, Blake"
"Cabbage, Trey"
"Outman, James"
"Capel, Conner"
"Shewmake, Braden"
"Lipscomb, Trey"
"Roller, Chris"
"Muncy, Max"
"Schmitt, Casey"
"Ortega, Rafael"
"Gray, Tristan"
"Martin, Austin"
"Wendle, Joey"
"Haggerty, Sam"
"Shenton, Austin"
"Butler, Lawrence"
"Goodrum, Niko"
"Reetz, Jakson"
"Wendzel, Davis"
"Jones, Jahmai"
"Kjerstad, Heston"
"Kessinger, Grae"
"Conforto, Michael"
"Vilade, Ryan"
"Slater, Austin"
"Ahmed, Nick"
"Rivas, Leo"
"Lee, Jung Hoo"
"Adrianza, Ehire"
"Drury, Brandon"
"Encarnacion-Strand, Christian"
"Black, Tyler"
"Amaya, Jacob"
"Ornelas, Jonathan"
"Hernaiz, Darell"
"Contreras, Willson"
"Meadows, Parker"
"Bride, Jonah"
"Rosario, Eguy"
"Murphy, Tom"
"Call, Alex"
"Mervis, Matt"
"Turner, Trea"
"Mead, Curtis"
"Dalbec, Bobby"
"Davis, Henry"
"Noda, Ryan"
"Pauley, Graham"
"Barger, Addison"
"Canario, Alexander"
"Trout, Mike"
"Allen, Nick"
"Yoshida, Masataka"
"Pinto, René"
"Jones, Nolan"
"Hicks, Aaron"
"Trammell, Taylor"
"Reyes, Pablo"
"Kennedy, Buddy"
"García, Avisaíl"
"Sanó, Miguel"
"Thompson, Bubba"
"Fletcher, David"
"Holliday, Jackson"
"Walker, Jordan"
"Toglia, Michael"
"Heineman, Tyler"
"Pereda, Jhonny"
"Rendon, Anthony"
"Camargo, Jair"
"Casas, Triston"
"Alvarez, Francisco"
"Scott II, Victor"
"Peterson, Jace"
"Batten, Matthew"
"Bañuelos, David"
"Walsh, Jared"
"Millas, Drew"
"Wallner, Matt"
"Sullivan, Brett"
"Serven, Brian"
"Wall, Forrest"
"Colás, Oscar"
"Kemp, Tony"
"Moncada, Yoán"
"Taylor, Samad"
"Foscue, Justin"
"Robert Jr., Luis"
"Story, Trevor"
"McGough, Scott"
"Barrosa, Jorge"
"Perdomo, Geraldo"
"Jung, Josh"
"Thomas, Alek"
"Delay, Jason"
"Lewis, Royce"
"Rojas, Jefferson"
"Alcántara, Kevin"
"Shaw, Matt"
"Antico, Mike"
"Saggese, Thomas"
"Yeager, R.J."
"Cantrelle, Hayden"
"Opitz, Casey"
"Buchberger, Jacob"
"Church, Nathan"
"Pagan, Ezequiel"
"Franklin, Christian"
"McGeary, Haydn"
"Crooks, Jimmy"
"Ledbetter, Colton"
"Sandoval, Joshuan"
"Molfetta, Christian"
"Allen, Brady"
"Cruz, Trei"
"Simpson, Chandler"
"Kinney, Cooper"
"Keegan, Dominic"
"Williams, Carson"
"Briceño, Josue"
"Meyers, Chris"
"Lee, Hao-Yu"
"Turner, Gionti"
"Milligan, Cody"
"Grady, Jace"
"Conley, Cal"
"Rucker, Jake"
"O'Keefe, Brian"
"Holland, Will"
"Morales, Jeferson"
"Garry Jr., Willie Joe"
"Helman, Michael"
"Baldwin, Drake"
"Kilpatrick Jr., Kevin"
"Arroyo, Carlos"
"Bunnell, Cade"
"Ward, Nick"
"Prato, Anthony"
"Williams, Chris"
"Quintero, Geraldo"
"Fajardo, Yoyner"
"Sanchez, Yolbert"
"Clarno, Nick"
"Fox, Jake"
"Lampe, Joe"
"Furman, Nate"
"Planez, Alexfri"
"Naranjo, Joe"
"Patiño, Wilderd"
"Johnson, Brett"
"Boyd, Jeremiah"
"Schneemann, Daniel"
"Fascia, Zac"
"Tolentino, Milan"
"Troy, Tommy"
"Josepha, Jakey"
"Melendez, Ivan"
"Crim, Blaine"
"Gasper, Mickey"
"Contreras, Mark"
"Hernandez, Elier"
"Kolozsvary, Mark"
"Alvarez, Eddy"
"Westbrook, Jamie"
"López, Jack"
"Gauthier, Austin"
"Liranzo, Thayron"
"De Paula, Josue"
"Hope, Zyhir"
"Sandoval, Pablo"
"Munguia, Ismael"
"Park, Hoy"
"Pérez, Carlos"
"Murphy, Kai"
"Bush Jr., Homer"
"Salas, Ethan"
"McClaughry, Nik"
"Suisbel, Luis"
"Smith, Aidan"
"Rodden, Brock"
"Schreck, RJ"
"Knight, Bill"
"Sanchez, Axel"
"Anchia, Jake"
"Williamson, Ben"
"De Vries, Leodalis"
"Arroyo, Michael"
"Moncada, Gabe"
"Adams, Luke"
"Rodriguez, Carlos D."
"Miller, Darrien"
"O'Rae, Dylan"
"Simpson, Colin"
"Hannah, Jameson"
"Cordova, Jose"
"Navarro, Cristopher"
"Barrios, Gregory"
"Campbell, Noah"
"Wilken, Brock"
"Lara, Luis"
"Fernandez, Eduarqui"
"Stovall, Hunter"
"Decolati, Niko"
"Wood, Matthew"
"Perry, Darius"
"Brown Jr., Eric"
"Clarke, Wes"
"Rodriguez, Yophery"
"Martinez, Ernesto"
"Murray, Ethan"
"Zitella, Jake"
"Ewing, A.J."
"Jones, Spencer"
"Rumfield, T.J."
"De Los Santos, Omar"
"Young, Wyatt"
"Paz, Karell"
"Cowles, Benjamin"
"Arias, Roderick"
"McIlwain, Brandon"
"Torrens, Luis"
"Wetzel, Jacob"
"Rivera, Josh"
"Ramirez, Pedro"
"Radcliff, Baron"
"Simmons, Kendall"
"Dyer, Matthew"
"Murray, Tanner"
"Barreat, Elis"
"Gonzalez, Ricardo"
"Baker, Dru"
"Anthony, Keaton"
"Sanabria, Jose"
"Polanco, Narciso"
"Martin, Casey"
"Albrecht, Lou"
"McDowell, Max"
"Santos, Luis De Los"
"Lantigua, Rafael"
"Harrison, Kalae"
"Jarvis, Mike"
"Polanco, Shalin"
"Berroa, Steward"
"Jimenez, Leo"
"Robertson, Will"
"Palmegiani, Damiano"
"Suero, Estuar"
"White Jr., Lonnie"
"Celestino, Gilberto"
"Lamb, Jake"
"Nigro, Frank"
"Horne, Bryson"
"Gray, Seth"
"Houghton, Maddux"
"Tavarez, Ambioris"
"Dimon, Dawson"
"Knapp, Andrew"
"George, Kendall"
"Albertus, Alexander"
"Sweeney, Trey"
"Herron, Jimmy"
"Carreras, Julio"
"Amador, Adael"
"Boone, Trevor"
"Cope, Daniel"
"Haase, Eric"
"Jones, Greg"
"Walton, Donovan"
"House, Brady"
"Gil, Mateo"
"Hernandez, Ronald"
"Mosquera, Diego"
"Frizzell, Will"
"Morales, Yohandy"
"Pinckney, Andrew"
"Smith, D'Andre"
"Consuegra, Stanley"
"Suozzi, Joe"
"Thomas, Rhylan"
"Cespedes, Rubel"
"Cavaco, Keoni"
"Harry, Jay"
"Urbina, Misael"
"Young, Carter"
"Burns, Collin"
"Bowens, TT"
"Neuse, Dylan"
"Pérez, Michael"
"Fabian, Jud"
"Gonzalez, Gabriel"
"Clifford, Ryan"
"Lugo, William"
"Juan, Simon"
"Berry, Jacob"
"Rosario, Dalvy"
"Mabry, JT"
"Morissette, Cody"
"Cuevas, Yohairo"
"Perozo, Vincent"
"Tilien, Junior"
"Gilbert, Drew"
"Zubia, Zach"
"Ritter, Luke"
"Clark, Kellum"
"Voit, Luke"
"Ramírez, Alex"
"Peguero, Odalys"
"Martinez, Raudelis"
"Santana, Adrian"
"Schnell, Nick"
"Bemboom, Anthony"
"Jung, Jace"
"Kreidler, Ryan"
"Genovés, Ricardo"
"Madris, Bligh"
"Cermak, Ryan"
"Malloy, Justyn-Henry"
"Corona, Kenedy"
"Stubbs, C.J."
"Moquete, Darlin"
"Bastidas, Jesús"
"Nunez, Alejandro"
"Daniels, Zach"
"León, Pedro"
"Wagner, Will"
"Whitcomb, Shay"
"Melton, Jacob"
"Stephens, Landon"
"Exposito, E.J."
"Ogans, Keshawn"
"Garcia, Jhostynxon"
"Binelas, Alex"
"Tolve, Tyler"
"Dean, Justin"
"Castro, Allan"
"Muzziotti, Símon"
"Iser, Herbert"
"Ball, Bryce"
"Brito, Erick"
"McCarty, Ryan"
"Marisnick, Jake"
"Wallach, Chad"
"Sightler, Josiah"
"McKinney, Billy"
"Castillo, Jesus"
"Flores, Rafael"
"Ross, Shawn"
"Durbin, Caleb"
"González, Luis"
"Lockridge, Brandon"
"Lombard Jr., George"
"VanMeter, Josh"
"Cintron, Jancarlos"
"Crenshaw, Wyatt"
"Castillo, Kenny"
"Walters, Jean"
"Graham, Kevin"
"Fernandez, Jose"
"Chen, Sheng-Ping"
"Castillo, Neyfy"
"Sparks, Lamar"
"Doston, Terence"
"Feltner, Jackson"
"Almora Jr., Albert"
"Torin, Cristofer"
"Celesten, Felnin"
"Davis, Colin"
"Howard, Ed"
"Hill, Darius"
"Alford, Anthony"
"McAfee, Quincy"
"McGarry, Alex"
"Hinds, Rece"
"Watson, Kahlil"
"Collado, Maick"
"Advincula, Jonah"
"Tincher, Johnny"
"Lipscomb, Guy"
"Dunn, Blake"
"Balcazar, Leonardo"
"Nelson, Mat"
"Hernandez, Miguel"
"Devers, Jose"
"Cavenaugh, Pres"
"Restituyo, Bladimir"
"Kaiser, Connor"
"Phillips, Brett"
"Robinson, Chuckie"
"Payton, Mark"
"Jones, Brock"
"Haas, Hunter"
"Brantly, Rob"
"Servideo, Anthony"
"Cook, Billy"
"Rhodes, John"
"Fontana, Shayne"
"Bencosme, Frederick"
"Myers, Noah"
"Prado, Elio"
"Handley, Maverick"
"Mayo, Coby"
"Johnson, Daniel"
"Norby, Connor"
"Maton, Nick"
"Wong, Kolten"
"Guthrie, Dalton"
"Meidroth, Chase"
"Sogard, Nick"
"Rosier, Corey"
"Mayer, Marcelo"
"Anthony, Roman"
"Hiraldo, Miguel"
"Morris, Tanner"
"Brown, Devonte"
"Britton, Zach"
"Dingler, Dillon"
"Rodriguez, Julio E."
"Toman, Tucker"
"Kasevich, Josh"
"Nunez, Rainer"
"Hopkins, TJ"
"Leonard, Eddys"
"Price, Collin"
"Antonia, Donovan"
"Lorusso, Nick"
"Brewer, Jordan"
"Sacco Jr., Tommy"
"Choi, Ji Man"
"Iadisernia, Alex"
"Torres, Bryan"
"White, T.J."
"Mendoza, Ramon"
"Tovalin, Osvaldo"
"Yepez, Juan"
"Auer, Mason"
"Spikes, Ryan"
"Barete, Cristopher"
"Levins, Tatem"
"Isaac, Xavier"
"Sasaki, Shane"
"Mejía, Francisco"
"Mangum, Jake"
"McDonough, Tyler"
"Cron, C.J."
"Rock, Dylan"
"Goodwin, Nick"
"Martinez, Gabriel"
"Orf, Brennan"
"Trimble, Reed"
"Castillo, Diego"
"Robinson, Errol"
"Munoz, Yeuni"
"Turconi, Michael"
"Nimmala, Arjun"
"Brown, Dasan"
"Etzel, Matthew"
"Wehler, Jeffrey"
"Horwitz, Spencer"
"Lukes, Nathan"
"Spain, Garrett"
"Henry, Payton"
"Hall, Anthony"
"Delgado, Keiner"
"Martinez, Omar"
"Anderson, Max"
"Bigbie, Justice"
"Castillo, Jackson"
"Rice, Ben"
"Barley, Jordy"
"Crews, Dylan"
"Conine, Griffin"
"Johnston, Troy"
"Davis, Jonathan"
"Wood, James"
"Serna, Jared"
"Narvaez, Carlos"
"Groshans, Jordan"
"Gonzalez, Oscar"
"Rodriguez, Jesus"
"Gabrielson, Cole"
"Haley, Jim"
"Quiroz, Esteban"
"De La Cruz, Carlos"
"Burt, Max"
"Escarra, J.C."
"Allen, Greg"
"Rojas, Jose"
"Smith, Kevin"
"Rada, Nelson"
"Vera, Arol"
"Guzman, Denzer"
"Wagaman, Eric"
"Ruiz, Jorge"
"Davidson, Logan"
"Mann, Luke"
"Lugbauer, Drew"
"Halter, Colby"
"Thomas, Colby"
"Salom, Dereck"
"Hamilton, Caleb"
"Brown, Sam"
"Beltran, Nelson"
"Susac, Daniel"
"Rosario, Jeisson"
"Teodosio, Bryce"
"Soto, Livan"
"Leblanc, Charles"
"Bishop, Hunter"
"Glowenke, Jimmy"
"Morgan, Zach"
"McCray, Grant"
"Herrera, Jose"
"Bericoto, Victor"
"Wyatt, Logan"
"Wilson, Will"
"Velasquez, Diego"
"Luis, Jansel"
"Sim, Kevin"
"Valdez, Jesus"
"Conticello, Gavin"
"Carrigg, Cole"
"Pérez, Hernán"
"Datres, Kyle"
"Montgomery, Benny"
"Bernabel, Warming"
"Pitelli, Dominic"
"Cerda, Christian"
"Chaparro, Andrés"
"Tawa, Tim"
"Cedrola, Lorenzo"
"Mercedes, Jeffrey"
"Marte, Modeifi"
"Jones, Druw"
"Rojas, Anderdson"
"Oliva, Jared"
"McCullough, Morgan"
"Anderson, Brian"
"Mann, Devin"
"Rave, John"
"Eaton, Nate"
"Loftin, Nick"
"Porter, Logan"
"Tolbert, Tyler"
"Harris, Dustin"
"Zavala, Aaron"
"Charles, Austin"
"Duffy, Matt"
"Cauley, Cameron"
"Brosseau, Mike"
"Chavers, Parker"
"Alfaro, Jorge"
"Slaughter, Jake"
"Mora, Juan"
"García, David"
"Boeve, Mike"
"Ugueto, Miguel"
"Liendo, Ahbram"
"Ravelo, Luis"
"Decker, Nick"
"Chacon, Juan"
"Kavadas, Niko"
"Kroon, Matt"
"Dahl, David"
"Kingery, Scott"
"Stevenson, Cal"
"Cortes, Carlos"
"Kalmer, Brian"
"Knight, Caleb"
"Wishkoski, Justin"
"Meckler, Wade"
"Pertuz, Fabian"
"Spence, Liam"
"Olivo, Christian"
"Nwogu, Jordan"
"De Goti, Alex"
"Strahm, Kellen"
"Lavigne, Grant"
"Montes, Coco"
"Zimmer, Bradley"
"Romo, Drew"
"Ritter, Ryan"
"Bautista Jr., Danny"
"Winkler, Jack"
"Ascanio, Johnny"
"Tanner, Logan"
"Muncy, Max"
"Butler, Jonny"
"Masterman, Cameron"
"Alvarez, Armando"
"O'Donnell, Ethan"
"González, Erik"
"Alexander, CJ"
"Baez, Juan"
"Warren, Zavier"
"Mitchell, Garrett"
"Bowman, Cooper"
"Veras, Wilfred"
"Connor, Caden"
"Sanchez, Wilber"
"Pozo, Yohel"
"Womack, Alsander"
"Zavala, Samuel"
"Burke, Jacob"
"Morel, Rafael"
"Howell, Carter"
"Díaz, Yusniel"
"Encarnacion, Jefferson"
"Bandura, Scott"
"Roederer, Cole"
"Emerson, Colt"
"Ford, Harry"
"Rodriguez, Alberto"
"Papierski, Michael"
"Pérez, Carlos"
"Humphreys, Zach"
"Elko, Tim"
"Kapers, Scott"
"Hatcher, Josh"
"Mateo, Daniel"
"Walcott, Sebastian"
"De Los Santos, Deyvison"
"Pries, Micah"
"Delgado, Raynel"
"Chavez, Frainyer"
"Barrero, Jose"
"Kokx, Connor"
"Young, Cole"
"Ramirez, Ben"
"Young, Chavez"
"Hicklen, Brewer"
"Locklear, Tyler"
"Montes, Lazaro"
"Hood, Josh"
"Capra, Vinny"
"Koss, Christian"
"Cho, Won-Bin"
"Salazar, César"
"Young, Jared"
"Lloyd, Matt"
"Harris, Dakota"
"Cabrera, Daniel"
"O'Neill, Matt"
"Mendoza, Carlos"
"Lee Sang, Marcus"
"Morgan, Tre'"
"Garcia, Aramis"
"Vasquez, Willy"
"Luplow, Jordan"
"Wilson, Weston"
"Aponte, Yhoangel"
"Bonilla, Enmanuel"
"Peguero, Liover"
"Pineda, Israel"
"De Andrade, Danny"
"Shuffield, Dalton"
"McCusker, Carson"
"Isola, Alex"
"Lee, Brooks"
"Faltine, Trey"
"Downs, Jeter"
"Henson, Spencer"
"Bolt, Skye"
"Workinger, Ethan"
"Waddell, Luke"
"Zebrowski, Adam"
"Richardson, Grant"
"Kern, Kade"
"Karros, Kyle"
"More, Cristian"
"Bowser, Drew"
"Fitzgerald, Ryan"
"Riebock, Barrett"
"Straw, Myles"
"Waters, Drew"
"Werner, Trevor"
"Wilson, Peyton"
"Nola, Austin"
"Guilarte, Daniel"
"Brown, Vaun"
"Kahle, Nick"
"Valera, Leonel"
"Pineda, Jack"
"Gray Jr., Joe"
"Cross, Gavin"
"Bradley, Tucker"
"León, Sandy"
"Pratto, Nick"
"Workman, Gage"
"Hiura, Keston"
"Crouch, Josh"
"Shade, Colby"
"Caballero, Jorge"
"Banfield, Will"
"Lane, Carmine"
"Spohn, Harrison"
"Castillo, Kyler"
"Senger, Hayden"
"Mancini, Trey"
"Escotto, Maikol"
"Vargas, Alexander"
"Palacios, Joshua"
"Sánchez, Ali"
"Ramos, Yaisel"
"Prieto, César"
"Encarnacion, Anyelo"
"Sullivan, William"
"Peoples, Nick"
"Baker, Luken"
"Cordoba, Jose"
"Rivas III, Alfonso"
"García, Leury"
"Eden, Cam"
"Clarke, Phil"
"Escobar, Eduardo"
"Gallagher, Cam"
"Emshoff, Kale"
"Newton, Shervyen"
"Fontenelle, Cole"
"Town, River"
"Beesley, Bradlee"
"Garcia, Reivaj"
"Simpson, Will"
"Bote, David"
"McCroskey, Mac"
"Blake, Andy"
"Redfield, Joe"
"Flint, Tucker"
"Schunk, Aaron"
"Andrus, Elvis"
"Hilliard, Sam"
"Moustakas, Mike"
"Higgins, P.J."
"Stassi, Max"
"Stewart, Sal"
"Almonte, Ariel"
"Trautwein, Michael"
"Ortiz, Abimelec"
"Biggers, Jax"
"Confidan, Yerlin"
"Tejada, Angel"
"De León, Isaac"
"Raposo, Nick"
"Kretzschmar, Kade"
"Diaz, Jhon"
"Taylor, Brayden"
"Seymour, Bob"
"Podkul, Nick"
"Roberts, Brett"
"Olmstead, Johnny"
"Hidalgo, Renny"
"Montgomery, Torin"
"Johnson, Osiris"
"Barstad, Cameron"
"Sanoja, Javier"
"Luttrell, Chase"
"Santiago, Carlos"
"McIntosh, Paul"
"Paige, Trey"
"Stauss, Wade"
"Devers, José"
"Cappe, Yiddi"
"Dunn, Nick"
"Koperniak, Matt"
"Rodriguez, Cristhian"
"Fernandez, Yanquiel"
"DeLauter, Chase"
"Ramirez, Micael"
"Zarate, Angel"
"Nuñez, Dom"
"Thompson, Sterlin"
"Tena, José"
"MacIver, Willie"
"Kent, Nic"
"Vosler, Jason"
"Veen, Zac"
"Packard, Spencer"
"Duvall, Ty"
"Tenerowicz, Robbie"
"Wilson, Jacob"
"Bolte, Henry"
"Trenkle, Caeden"
"Villar, David"
"Arroyo, Christian"
"Lugo, Matthew"
"Pérez, Roberto"
"Dunand, Joe"
"Rosario, Kala'i"
"McCants, Jordan"
"Mack, Joe"
"Hensley, David"
"Baez, Luis"
"Ready, Nic"
"Hamilton, Quincy"
"Luciano, Waner"
"Palma, Miguel"
"Vradenburg, Brock"
"DeLeo, Jake"
"Alderman, Kemp"
"Hernandez, Alberto"
"Made, Kevin"
"Garcia, John"
"Stevens, Chad"
"Whitaker, Tyler"
"Barber, Colin"
"Miller, Aidan"
"Gonzalez, Tres"
"Fraizer, Matt"
"Peterson, Dustin"
"Bergolla, William"
"Rincones Jr., Gabriel"
"Crawford, Justin"
"Boyd, Emaarion"
"Simoneit, William"
"Kemp, Otto"
"Hall, Darick"
"Lopez, Alejo"
"Liberato, Luis"
"Hulsizer, Niko"
"Simon, Ronny"
"Hinojosa, C.J."
"Velazquez, Andrew"
"White, Eli"
"Bartlett, Will"
"Montgomery, Colson"
"Logan, Gavin"
"Naylor, Myles"
"Freeman, Cody"
"Solak, Nick"
"Chavis, Michael"
"Marlowe, Cade"
"Johnson, Ivan"
"Northcut, Nicholas"
"Chevalier, Luis"
"Ovalles, Alexander"
"Urbaez, Francisco"
"Cerda, Allan"
"Contreras, Yan"
"Cunningham, Jake"
"Yorke, Nick"
"Correa, J.C."
"Moore, Brody"
"Adolph, Ross"
"Thompson, Trayce"
"Gamel, Ben"
"Baker, Darren"
"Díaz, Lewin"
"Basabe, Osleivis"
"Alcántara, Sergio"
"Pena, Jhonson"
"Perez, Joe"
"Bins, Carter"
"Gorski, Matt"
"Pineda, Leandro"
"Arnold, Zach"
"Beltre, Manuel"
"Rudd, Jaden"
"Castro, Rodolfo"
"Roden, Alan"
"Santiago, Glenn"
"Votto, Joey"
"Salas, Jose"
"Winkel, Patrick"
"Casteel, Ryan"
"Evans, Phillip"
"Sánchez, Yolmer"
"DiSpigna, Angelo"
"Valor, Andres"
"Ferguson, Max"
"Sikes, Phillip"
"Dunham, Elijah"
"Pierre, Angel"
"Lopez, Eduardo"
"Pereira, Everson"
"Dalesandro, Nick"
"Vukovich, A.J."
"Gilliam, Isiah"
"Martin, David"
"Pena, Manuel"
"Cali, Caleb"
"Pintar, Andrew"
"Garlick, Kyle"
"Hurley, Jack"
"Allen II, Jay"
"McLain, Matt"
"Pinder, Chase"
"Godoy, José"
"Fabian, Sandro"
"Nakawake, Taishi"
"Lester, Josh"
"Beavers, Dylan"
"Scott, Stephen"
"Nuñez, Malcom"
"Scott, Connor"
"Campbell, Clayton"
"Shackelford, Aaron"
"Rivero, Sebastián"
"Rodriguez, Eddy"
"Gutierrez, Abrahan"
"Dixon, Brenden"
"Bishop, Braylon"
"Johnson, Termarr"
"Valdez, Esmerlyn"
"Cheng, Tsung-Che"
"Beer, Seth"
"Fisher, Cam"
"Jordan, Rowdey"
"Cruz, Narbe"
"Osborn, Drake"
"Curialle, Michael"
"De La Rosa, Jeremy"
"Arias, Victor"
"Zamora, Josh"
"Windham, Bryce"
"Rosario, Alfonsin"
"Rodriguez, Keyber"
"Rodriguez, Gabriel"
"Lavastida, Bryan"
"McNair, Brennon"
"Strumpf, Chase"
"Swift, Drew"
"Rogers, Jack"
"Torres, Jose"
"Windish, Hogan"
"Hendrick, Austin"
"Jones, Carson"
"Baldwin, Brooks"
"Gladney, DJ"
"Matthews, Jason"
"Tsutsugo, Yoshi"
"Hummel, Cooper"
"Neslony, Tyler"
"Castellano, Angelo"
"Tatum, Terrell"
"Ahuna, Maui"
"Willits, Bryce"
"Nishida, Rikuu"
"Peete, Tai"
"Piscotty, Stephen"
"Hernández, Yonny"
"Collins, Isaac"
"Joyce, Corey"
"Navigato, Andrew"
"Schwartz, JT"
"Vaquero, Cristhian"
"Lindsly, Brady"
"Allen, Austin"
"Bannon, Rylan"
"Cruz, Armando"
"Green, Elijah"
"Vivas, Jorbit"
"McAdoo, Charles"
"Head, Hudson"
"Bowen, Jase"
"Forrester, Garret"
"Brannigan, Jack"
"Simas, Karson"
"Ehrhard, Drew"
"Sayre, Alec"
"Ruiz, Agustin"
"Coley II, Mark"
"Davis, Brennen"
"Roccaforte, Carson"
"Vaz, Javier"
"Cairo, Christian"
"Halpin, Petey"
"Mitchell, Blake"
"Squires, Brett"